test_0.au	2
test_1.au	6
test_2.au	2
test_3.au	0
test_4.au	4
test_5.au	1
test_6.au	0
test_7.au	5
test_8.au	9
test_9.au	3
test_10.au	5
test_11.au	3
test_12.au	0
test_13.au	7
test_14.au	7
test_15.au	7
test_16.au	2
test_17.au	5
test_18.au	5
test_19.au	6
test_20.au	5
test_21.au	8
test_22.au	2
test_23.au	7
test_24.au	0
test_25.au	2
test_26.au	5
test_27.au	9
test_28.au	5
test_29.au	1
test_30.au	7
test_31.au	1
test_32.au	8
test_33.au	0
test_34.au	3
test_35.au	4
test_36.au	2
test_37.au	3
test_38.au	6
test_39.au	6
test_40.au	4
test_41.au	3
test_42.au	4
test_43.au	8
test_44.au	2
test_45.au	0
test_46.au	3
test_47.au	9
test_48.au	2
test_49.au	4
test_50.au	0
test_51.au	6
test_52.au	6
test_53.au	5
test_54.au	2
test_55.au	3
test_56.au	7
test_57.au	2
test_58.au	3
test_59.au	4
test_60.au	9
test_61.au	7
test_62.au	8
test_63.au	7
test_64.au	0
test_65.au	1
test_66.au	9
test_67.au	1
test_68.au	1
test_69.au	6
test_70.au	9
test_71.au	0
test_72.au	1
test_73.au	2
test_74.au	2
test_75.au	8
test_76.au	2
test_77.au	3
test_78.au	6
test_79.au	5
test_80.au	1
test_81.au	8
test_82.au	1
test_83.au	1
test_84.au	6
test_85.au	8
test_86.au	4
test_87.au	3
test_88.au	5
test_89.au	3
test_90.au	3
test_91.au	7
test_92.au	3
test_93.au	6
test_94.au	9
test_95.au	7
test_96.au	1
test_97.au	2
test_98.au	3
test_99.au	7
test_100.au	7
test_101.au	0
test_102.au	0
test_103.au	5
test_104.au	6
test_105.au	5
test_106.au	6
test_107.au	8
test_108.au	9
test_109.au	6
test_110.au	6
test_111.au	0
test_112.au	9
test_113.au	6
test_114.au	2
test_115.au	5
test_116.au	4
test_117.au	4
test_118.au	5
test_119.au	7
test_120.au	8
test_121.au	7
test_122.au	6
test_123.au	8
test_124.au	3
test_125.au	7
test_126.au	2
test_127.au	7
test_128.au	9
test_129.au	4
test_130.au	1
test_131.au	3
test_132.au	6
test_133.au	3
test_134.au	0
test_135.au	1
test_136.au	0
test_137.au	5
test_138.au	6
test_139.au	4
test_140.au	2
test_141.au	3
test_142.au	5
test_143.au	3
test_144.au	2
test_145.au	6
test_146.au	4
test_147.au	2
test_148.au	5
test_149.au	1
test_150.au	3
test_151.au	1
test_152.au	7
test_153.au	6
test_154.au	6
test_155.au	7
test_156.au	6
test_157.au	5
test_158.au	0
test_159.au	9
test_160.au	9
test_161.au	1
test_162.au	9
test_163.au	4
test_164.au	4
test_165.au	7
test_166.au	3
test_167.au	5
test_168.au	9
test_169.au	1
test_170.au	1
test_171.au	4
test_172.au	1
test_173.au	3
test_174.au	2
test_175.au	4
test_176.au	3
test_177.au	3
test_178.au	4
test_179.au	5
test_180.au	2
test_181.au	1
test_182.au	5
test_183.au	1
test_184.au	1
test_185.au	6
test_186.au	3
test_187.au	4
test_188.au	5
test_189.au	6
test_190.au	4
test_191.au	4
test_192.au	9
test_193.au	8
test_194.au	8
test_195.au	4
test_196.au	7
test_197.au	5
test_198.au	0
test_199.au	4
test_200.au	5
test_201.au	6
test_202.au	6
test_203.au	3
test_204.au	9
test_205.au	0
test_206.au	6
test_207.au	0
test_208.au	0
test_209.au	3
test_210.au	8
test_211.au	9
test_212.au	1
test_213.au	4
test_214.au	4
test_215.au	6
test_216.au	1
test_217.au	7
test_218.au	4
test_219.au	4
test_220.au	1
test_221.au	6
test_222.au	0
test_223.au	4
test_224.au	5
test_225.au	5
test_226.au	4
test_227.au	8
test_228.au	8
test_229.au	0
test_230.au	1
test_231.au	9
test_232.au	9
test_233.au	7
test_234.au	5
test_235.au	2
test_236.au	3
test_237.au	2
test_238.au	0
test_239.au	3
test_240.au	6
test_241.au	8
test_242.au	9
test_243.au	1
test_244.au	1
test_245.au	9
test_246.au	4
test_247.au	1
test_248.au	4
test_249.au	5
test_250.au	8
test_251.au	5
test_252.au	5
test_253.au	2
test_254.au	1
test_255.au	3
test_256.au	9
test_257.au	2
test_258.au	0
test_259.au	7
test_260.au	1
test_261.au	0
test_262.au	2
test_263.au	3
test_264.au	1
test_265.au	3
test_266.au	8
test_267.au	0
test_268.au	3
test_269.au	6
test_270.au	8
test_271.au	6
test_272.au	3
test_273.au	3
test_274.au	0
test_275.au	5
test_276.au	2
test_277.au	8
test_278.au	8
test_279.au	1
test_280.au	9
test_281.au	2
test_282.au	8
test_283.au	7
test_284.au	6
test_285.au	3
test_286.au	6
test_287.au	1
test_288.au	4
test_289.au	5
test_290.au	6
test_291.au	5
test_292.au	4
test_293.au	1
test_294.au	5
test_295.au	1
test_296.au	5
test_297.au	7
test_298.au	7
test_299.au	2
test_300.au	2
test_301.au	6
test_302.au	0
test_303.au	9
test_304.au	8
test_305.au	7
test_306.au	8
test_307.au	1
test_308.au	1
test_309.au	2
test_310.au	5
test_311.au	1
test_312.au	8
test_313.au	9
test_314.au	7
test_315.au	0
test_316.au	3
test_317.au	2
test_318.au	9
test_319.au	9
test_320.au	2
test_321.au	0
test_322.au	8
test_323.au	5
test_324.au	1
test_325.au	2
test_326.au	9
test_327.au	1
test_328.au	0
test_329.au	3
test_330.au	2
test_331.au	2
test_332.au	7
test_333.au	2
test_334.au	6
test_335.au	3
test_336.au	3
test_337.au	5
test_338.au	2
test_339.au	2
test_340.au	2
test_341.au	0
test_342.au	1
test_343.au	6
test_344.au	9
test_345.au	0
test_346.au	7
test_347.au	1
test_348.au	5
test_349.au	9
test_350.au	2
test_351.au	3
test_352.au	7
test_353.au	0
test_354.au	3
test_355.au	7
test_356.au	6
test_357.au	0
test_358.au	3
test_359.au	5
test_360.au	2
test_361.au	7
test_362.au	1
test_363.au	5
test_364.au	6
test_365.au	9
test_366.au	3
test_367.au	0
test_368.au	2
test_369.au	6
test_370.au	9
test_371.au	4
test_372.au	3
test_373.au	3
test_374.au	0
test_375.au	6
test_376.au	6
test_377.au	8
test_378.au	8
test_379.au	5
test_380.au	5
test_381.au	1
test_382.au	2
test_383.au	3
test_384.au	9
test_385.au	3
test_386.au	1
test_387.au	6
test_388.au	8
test_389.au	6
test_390.au	8
test_391.au	2
test_392.au	8
test_393.au	4
test_394.au	7
test_395.au	2
test_396.au	4
test_397.au	7
test_398.au	5
test_399.au	5
test_400.au	1
test_401.au	2
test_402.au	9
test_403.au	5
test_404.au	6
test_405.au	5
test_406.au	0
test_407.au	6
test_408.au	2
test_409.au	7
test_410.au	5
test_411.au	4
test_412.au	4
test_413.au	8
test_414.au	1
test_415.au	5
test_416.au	0
test_417.au	7
test_418.au	1
test_419.au	8
test_420.au	6
test_421.au	0
test_422.au	8
test_423.au	0
test_424.au	8
test_425.au	6
test_426.au	4
test_427.au	3
test_428.au	3
test_429.au	3
test_430.au	5
test_431.au	5
test_432.au	7
test_433.au	9
test_434.au	1
test_435.au	6
test_436.au	4
test_437.au	1
test_438.au	0
test_439.au	5
test_440.au	7
test_441.au	9
test_442.au	2
test_443.au	9
test_444.au	8
test_445.au	4
test_446.au	6
test_447.au	6
test_448.au	8
test_449.au	2
test_450.au	8
test_451.au	5
test_452.au	3
test_453.au	1
test_454.au	2
test_455.au	5
test_456.au	8
test_457.au	5
test_458.au	3
test_459.au	3
test_460.au	5
test_461.au	7
test_462.au	7
test_463.au	2
test_464.au	8
test_465.au	2
test_466.au	5
test_467.au	7
test_468.au	5
test_469.au	8
test_470.au	1
test_471.au	7
test_472.au	3
test_473.au	4
test_474.au	4
test_475.au	8
test_476.au	4
test_477.au	7
test_478.au	9
test_479.au	1
test_480.au	8
test_481.au	8
test_482.au	4
test_483.au	8
test_484.au	4
test_485.au	0
test_486.au	4
test_487.au	7
test_488.au	0
test_489.au	3
test_490.au	3
test_491.au	0
test_492.au	4
test_493.au	2
test_494.au	3
test_495.au	0
test_496.au	3
test_497.au	0
test_498.au	3
test_499.au	2
